{"cameraMode":{"drawMode":0,"name":"Shaded","section":"Shading Mode"},"sceneLighting":false,"audioPlay":false,"sceneViewState":{"showFog":true,"showMaterialUpdate":false,"showSkybox":false,"showFlares":true,"showImageEffects":true,"showParticleSystems":true},"in2DMode":false,"pivot":{"x":98.08453369140625,"y":0.6527290344238281,"z":20.82002067565918},"rotation":{"x":-0.12318594753742218,"y":-0.2547658085823059,"z":0.032739877700805667,"w":-0.9585654139518738},"size":8.042316436767579,"orthographic":false}