{"cameraMode":{"drawMode":2,"name":"Shaded Wireframe","section":"Shading Mode"},"sceneLighting":true,"audioPlay":false,"sceneViewState":{"showFog":false,"showMaterialUpdate":false,"showSkybox":false,"showFlares":false,"showImageEffects":false,"showParticleSystems":false},"in2DMode":false,"pivot":{"x":317.335205078125,"y":10.687373161315918,"z":-3.3005738258361818},"rotation":{"x":-0.0011126765748485923,"y":0.9983950853347778,"z":-0.05246423929929733,"w":-0.02130027487874031},"size":362.6579284667969,"orthographic":false}